Enrollment,Terminated,Completed
0-8,0.7108967927764652,0.2891032072235347
9-19,0.1512968709962133,0.8487031290037866
20-29,0.09478933791917454,0.9052106620808255
30-41,0.07501267105930055,0.9249873289406995
42-59,0.0613919799059552,0.9386080200940448
60-79,0.0586828620231543,0.9413171379768457
80-119,0.05293655470438028,0.9470634452956197
120-209,0.054204744152287945,0.9457952558477121
210-490,0.05061379898903696,0.949386201010963
491-200000000,0.03844639811048419,0.9615536018895158
